pocket_idx,protein_noH_idx
0,165
1,166
2,167
3,168
4,169
5,170
6,171
7,172
8,173
9,174
10,175
11,176
12,177
13,178
14,179
15,180
16,181
17,182
18,183
19,184
20,185
21,186
22,187
23,188
24,189
25,190
26,191
27,192
28,193
29,302
30,303
31,304
32,305
33,306
34,307
35,308
36,309
37,310
38,311
39,312
40,313
41,314
42,315
43,316
44,317
45,318
46,319
47,320
48,321
49,322
50,323
51,324
52,325
53,326
54,327
55,328
56,329
57,330
58,331
59,332
60,333
61,334
62,335
63,336
64,337
65,338
66,339
67,340
68,341
69,342
70,343
71,344
72,345
73,346
74,347
75,348
76,349
77,350
78,351
79,352
80,353
81,354
82,355
83,356
84,357
85,358
86,359
87,360
88,361
89,362
90,363
91,364
92,365
93,366
94,367
95,368
96,369
97,370
98,1077
99,1078
100,1079
101,1080
102,1081
103,1082
104,1083
105,1084
106,1085
107,1086
108,1087
109,1088
110,1089
111,1090
112,1091
113,1092
114,1093
115,1094
116,1095
117,1096
118,1097
119,1098
120,1099
121,1100
122,1101
123,1102
124,1103
125,1104
126,1105
127,1106
128,1107
129,1108
130,1109
131,1110
132,1111
133,1112
134,1113
135,1114
136,1115
137,1116
138,1117
139,1118
140,1119
141,1252
142,1253
143,1254
144,1255
145,1256
146,1257
147,1258
148,1259
149,1260
150,1261
151,1262
152,1263
153,1264
154,1265
155,1266
156,1267
157,1268
158,1269
159,1270
160,1271
161,1272
162,1273
163,1274
164,1275
165,1276
166,1277
167,1278
168,1279
169,1280
170,1281
171,1282
172,1283
173,1284
174,1285
175,1286
176,1287
177,1288
178,1289
179,1290
180,1291
181,1292
182,1293
183,1294
184,1295
185,1296
186,1297
187,1298
188,1299
189,1300
190,1301
191,1302
192,1303
193,1304
194,1305
195,1306
196,1307
197,1308
198,1309
199,1310
200,1445
201,1446
202,1447
203,1448
204,1449
205,1450
206,1451
207,1452
208,1453
209,1454
210,1455
211,1456
212,1457
213,1458
214,1459
215,1460
216,1461
217,1462
218,1463
219,1464
220,1465
221,1466
222,1467
223,1468
224,1469
225,1470
226,1471
227,1472
228,1473
229,1474
230,1475
231,1476
232,1477
233,1478
234,1479
235,1480
236,1481
237,1482
238,1483
239,1484
240,1485
